var,plev_pa,plev_hpa,global_mean_min,global_mean_mean,global_mean_max,raw_min,raw_p01,raw_p05,raw_p95,raw_p99,raw_max,spatial_min,spatial_p01,spatial_p05,spatial_p95,spatial_p99,spatial_max,temporal_min,temporal_p01,temporal_p05,temporal_p95,temporal_p99,temporal_max,slope_mean_min,slope_mean_mean,slope_mean_max,slope_min,slope_p01,slope_p05,slope_p95,slope_p99,slope_max
hus,5000.0,50.0,7.644330495270656e-07,7.760062709089268e-07,7.922051029477929e-07,-1.0402293355582517e-06,-7.3554339508064e-08,2.0236164743892004e-07,1.417129624314839e-06,1.7551229802847956e-06,2.3979214347491502e-06,4.37816231078018e-09,1.5479944059154477e-07,4.81845300185026e-07,1.0549829080442946e-06,1.1542322889525088e-06,1.221447160106134e-06,4.144558829466405e-07,4.287598756036459e-07,4.588999615862122e-07,9.724097935759346e-07,1.0913620371866273e-06,1.1355483593433746e-06,1.3889762304662816e-08,1.9391606285119227e-08,2.5583886529737174e-08,-7.78372492862437e-09,-5.364641263900617e-09,-3.367611122658011e-09,6.925009590582315e-08,7.46491077867398e-08,7.885930640926333e-08
hus,10000.0,100.0,8.184621288300291e-07,9.710290270939642e-07,1.109621280690248e-06,-1.8255047962156825e-06,-8.881307422825557e-08,1.4842180462437685e-07,2.1165460566408e-06,2.8436804768716684e-06,4.1887155930453446e-06,-1.3773581860628978e-07,2.1320303024440226e-07,4.2449689663595365e-07,1.4792545652678803e-06,1.5922212628817075e-06,1.6967222799907463e-06,4.39225232184981e-07,4.64225337282187e-07,5.004956165066687e-07,1.349533135908132e-06,1.4417626061913325e-06,1.5478716477446142e-06,5.5918336779075e-09,1.7362971009712174e-08,2.4691095713526512e-08,-6.933796488381434e-08,-4.1833688560982293e-08,-2.6424878284052893e-08,1.012287334387099e-07,1.0717852128121105e-07,1.1218525989755597e-07
hus,15000.0,150.0,2.2530377445338857e-06,3.38518017691304e-06,4.507874576766339e-06,-2.543404116295278e-05,-5.172725536795042e-07,4.2561840274402136e-08,9.735832463775296e-06,1.225006144522922e-05,3.271455716458149e-05,4.723920454627891e-07,1.2507824801614071e-06,1.545667774091879e-06,5.40038814855829e-06,5.70396528476417e-06,5.883008883169374e-06,1.341717563718703e-07,4.930775503453333e-07,5.853465836480609e-07,8.960852028394584e-06,9.831474926613735e-06,1.0826756806636697e-05,-1.3693097079778824e-08,-1.3656173925786683e-10,1.7001048379081052e-08,-5.065866977806437e-07,-2.967069573992213e-07,-1.9250152753484645e-07,1.3434972211169496e-07,1.9459333134104478e-07,3.526175099139261e-07
hus,20000.0,200.0,8.38562375280005e-06,1.3276979466551935e-05,1.815583772355793e-05,-0.0001436349557479,-7.765876944176853e-06,-1.4023137282492826e-06,4.948881542077288e-05,6.695983756799251e-05,0.0001770145318005,3.869768440552225e-06,5.108910355564491e-06,6.184895929387471e-06,2.0914069586256523e-05,2.1863727504930915e-05,2.2572128354146105e-05,-2.4934447537816595e-06,1.2499465356086148e-06,1.443392989131098e-06,4.34563153248746e-05,5.225706263445318e-05,6.476903217844665e-05,-8.93043543119283e-08,-4.250348824985348e-08,-3.6932571845937235e-09,-2.997486488315659e-06,-1.7122549832103932e-06,-1.0665394559388648e-06,5.861884027857285e-07,9.649924569328283e-07,2.2161120409352047e-06
hus,25000.0,250.0,1.9271276037536188e-05,3.0613801523536636e-05,4.189086390639217e-05,-0.0004268347402103,-3.977590677095577e-05,-1.1089356121374294e-05,0.0001243653387064,0.0001866998063633,0.0006093154661357,1.0271356388969206e-05,1.1932740904994944e-05,1.4108150790259315e-05,4.747983651596808e-05,4.968100098005394e-05,5.246905689644512e-05,-9.93173489405308e-06,1.2904588402307129e-06,1.912163497763686e-06,9.933563705999404e-05,0.0001365350908599,0.0001858497707871,-6.430410638939518e-07,-5.115627278766834e-07,-3.9690387464338747e-07,-1.0893313362020218e-05,-6.1741815832016285e-06,-3.6756222927889726e-06,1.5328548602725736e-06,2.8522564872109443e-06,8.028384808940545e-06
hus,30000.0,300.0,3.2899211520373887e-05,5.364711634594538e-05,7.424091644568591e-05,-0.0009508249349892,-0.0001153552584582,-3.859230491798371e-05,0.0002376293850829,0.0003841503057628,0.0014269343810155,1.3758158789432084e-05,1.9212908194343252e-05,2.347532305863221e-05,8.352670494445834e-05,8.732055954139157e-05,9.41284104478509e-05,-3.0483175578410737e-05,-1.564592935210385e-06,-3.164363704399875e-08,0.0001696540566626,0.0002609076327644,0.0003439393185544,-1.6185600141957246e-06,-1.3665567692441644e-06,-1.1020723029554749e-06,-2.636558741413996e-05,-1.3357822674899957e-05,-7.783436537120992e-06,2.9185983907512477e-06,6.14583514600444e-06,1.9834077349713267e-05
hus,40000.0,400.0,7.804392227093688e-05,0.00012787363833160359,0.0001775590083234,-0.0025448033120483,-0.0004099451180081,-0.000151477754116,0.000612445641309,0.0010078459745272,0.0034356112591922,2.156502005445093e-05,3.5105113762654255e-05,4.736015357201733e-05,0.0002067460362394,0.000214552554922,0.0002291188214236,-0.0001433458674,-8.93119977263268e-06,3.3130045267171222e-06,0.0004165412683505,0.0006120958132669,0.0008094617514871,-7.259828645760391e-06,-6.825281414099458e-06,-6.442304695507993e-06,-9.926247407610536e-05,-5.284369527624585e-05,-3.088871556794025e-05,6.818321766304516e-06,1.5682386939881493e-05,4.965050118580893e-05
hus,50000.0,500.0,0.0001757375164707,0.00028389709965530004,0.0003922399999547,-0.0043486054055392,-0.0007980396039783,-0.0002932742063421,0.0013432351406663,0.002097847405821,0.0057636438868939,7.043336528834372e-05,9.720028770568678e-05,0.0001190334342124,0.0004548878723456,0.000475371504254,0.000497853203794,-0.0002587110793683,-1.7473194020567462e-05,1.3176509128243197e-05,0.000992126064375,0.0013555156765505,0.001705122878775,-1.2075686268043202e-05,-1.08566396580245e-05,-1.0237368370560325e-05,-0.0001597822141325,-8.94461163068167e-05,-5.330771979656669e-05,1.5546612029012712e-05,4.2145515761607885e-05,9.154734473297023e-05
hus,60000.0,600.0,0.0002343154129863,0.00037692457050386,0.0005198912607643,-0.0060282945632934,-0.0011926556471735,-0.0004860353656113,0.001687301788479,0.002622042549774,0.0068278503604233,7.220062223769764e-05,0.000117640993126,0.0001594235664457,0.0006121110196971,0.0006445056051687,0.0006757945623752,-0.0005165086477063,-1.976896783162374e-05,2.349616988794878e-05,0.0011448541190475,0.001466496149078,0.0019568749703466,-1.1279250164678184e-05,-9.711616633227848e-06,-7.933295047802891e-06,-0.0001736577127838,-0.0001050205924115,-6.700693294371961e-05,3.531533754218184e-05,7.694055749672244e-05,0.000182331804283
hus,70000.0,700.0,0.0003331579616726,0.0005401424951309499,0.0007487407604566,-0.0079443678259849,-0.0015070589724928,-0.0006424877792596,0.0022755749523639,0.0033766555134207,0.0096082082018256,0.0001275395658859,0.0001703399128852,0.000216153758319,0.0008886771182668,0.0009435209962185,0.0010200942305264,-0.0009285313426516,-2.121648685715627e-05,1.3157802641217131e-05,0.0016166613204404,0.001984525239095,0.0026553145144134,-1.7077299725172096e-05,-1.3408507883270844e-05,-1.178191679414895e-05,-0.000227318269904,-0.0001345854604398,-8.631670012700473e-05,4.641331795179494e-05,9.680935685930636e-05,0.0002524050304117
hus,85000.0,850.0,0.0006372809763332,0.00096073595921096,0.0012850725904035,-0.0107529228553175,-0.0014297481393441,-0.0005539050325751,0.0029894635081291,0.0040933634154498,0.0124611742794513,0.0002605933228542,0.0003671127002653,0.0004621013737959,0.0014836709514654,0.0015635231288232,0.0017055145614074,-0.0010965123074129,-3.788074536714703e-06,1.9002871340489943e-05,0.0022764666937291,0.0025688358582556,0.0033966817427426,1.8496977186455471e-06,1.0104699573581857e-05,1.7900853878350423e-05,-0.0002194047774649,-0.0001031351239508,-5.8983464099799485e-05,9.409228403182656e-05,0.0001747619233577,0.0003825849854959
hus,92500.0,925.0,0.00082961566776,0.0012555169949295,0.0016847066113011,-0.0119041977450251,-0.0011204612674191,-0.0003712526813615,0.003221976570785,0.0041263289749622,0.0135796535760164,0.0005928646762298,0.0006410062523576,0.0006992861442022,0.0018479817038608,0.0019135926183434,0.0019814824542303,-0.0012825292069464,-8.276832886622287e-06,1.4297882444225252e-05,0.0027684604283422,0.002999777207151,0.0038127934094518,1.3347664426414467e-05,1.8646919205804237e-05,2.1821779671259758e-05,-0.0003649240950531,-9.736398026257602e-05,-4.465184933473017e-05,0.000102633266886,0.0002345486655014,0.0005195161665587
hus,100000.0,1000.0,0.0009158476752563,0.00137495933012761,0.0018377700479662,-0.01072658598423,-0.0012071998789906,-0.0003981741028837,0.0035164332948625,0.004446423612535,0.01327939145267,0.000620768096234,0.0006964318999487,0.0007560651090753,0.0020350239476054,0.0021020923883551,0.0021996047279628,-0.0012617032043635,-8.484226441396459e-07,2.1461222786456347e-05,0.0029253729153424,0.0032952507026493,0.0047379820607602,3.182377956248417e-05,3.5754070563591405e-05,3.843571449914646e-05,-0.0004270186477341,-0.000109297735936,-5.231893211512285e-05,0.0001571989172129,0.0002417524712199,0.0006020567379914
psl,,,-22.79157928721239,-17.660163795911778,-12.60480307000547,-5235.75,-1726.53125,-1093.2265625,840.0546875,1522.375,4204.3359375,-69.02629931164913,-57.295091817610775,-47.71817861796804,9.987623729536262,18.61268160661036,28.064816918548555,-623.1207885742188,-517.1276245117188,-439.7470397949219,152.6728515625,247.308837890625,468.41448974609375,-6.957508816698887,-6.574619236514235,-6.237857611104105,-79.28994547452018,-58.47805333528802,-36.83590632181272,62.688080604399055,97.85987431020828,126.85695181436152
siconc,,,-0.8229232616876554,-0.5903624011405513,-0.3591886479199014,-101.4256820678711,-50.17848587036133,-7.461053848266602,1.503631591796875,12.163023948669434,102.14398193359376,-1.601136065287544,-1.455565638717569,-1.284286485422361,-0.0233887524110664,0.120350496338857,0.4806103801438481,-42.10990524291992,-18.78773498535156,-9.93980598449707,0.1605512201786041,2.4515953063964844,16.791658401489258,0.0260336012689751,0.030202040354092678,0.0408292028036063,-8.015762909263197,-1.3262051884995527,-0.505928866081782,0.940378586559424,2.433971732614927,7.9139716974477246
ta,5000.0,50.0,-0.2961341096784004,0.1106530300135018,0.5489482302557568,-43.319091796875,-14.985275268554688,-9.100982666015623,6.979507446289063,17.583791732788086,43.867584228515625,-3.611983207652868,-2.777539205315076,-2.0488877988083867,2.166041347600688,2.844543261390625,3.807112278880021,-5.816142559051514,-5.59808874130249,-5.23128604888916,1.3708417415618896,1.571242332458496,1.7660616636276243,0.244010115510049,0.30405055946590726,0.3778563105449489,-0.2747441684207153,-0.2269162532398116,-0.0948893456375499,0.6170511544140207,0.6683640599667137,0.687856576806946
ta,10000.0,100.0,0.241303042582666,0.35905257805095303,0.4812999657714766,-30.386550903320312,-12.883688926696776,-8.603012084960938,4.9166107177734375,11.779685020446776,29.344940185546875,-1.5643835564196689,-1.11961602030722,-0.5494373057601123,1.317137702216753,1.5841507017065124,1.8229583987270723,-5.230669975280762,-4.851834774017334,-4.494241237640381,2.458192110061645,2.7015302181243896,2.9582831859588623,0.0671337984935336,0.08253872605378955,0.1001447603470574,-0.3885914024531303,-0.2385170463399111,-0.1428382433700128,0.7736556981791604,0.8266566229345651,0.8517164490123184
ta,15000.0,150.0,0.1960679518542801,0.5705121865816036,0.9370411083509984,-25.27008056640625,-11.286666870117188,-7.9526214599609375,4.64349365234375,8.333505630493164,24.519439697265625,-1.4805413363007662,-1.0571468341020502,-0.5813506433491937,1.720196794616035,2.044017644723024,2.371471648729568,-4.7970805168151855,-4.593564033508301,-4.199020385742188,3.818329095840454,4.021060943603516,4.197704792022705,-0.0680367450752234,-0.05483937597877573,-0.0353533305331621,-0.4183842535150078,-0.3016357132214076,-0.247365249656877,0.535381306347922,0.5674233444965028,0.60440184921124
ta,20000.0,200.0,0.4873053712890859,1.0232576756734628,1.5475683477250304,-23.92396545410156,-11.548904418945312,-8.303483009338379,5.210235595703125,7.27850341796875,24.583541870117188,-0.9192227730194258,-0.667357283696915,-0.213575093272429,2.2695129286154554,2.481457627264509,2.781865843727737,-4.791142463684082,-4.555693626403809,-4.181024074554443,4.4806318283081055,4.782553672790527,4.926965236663818,-0.0809646768964758,-0.0673667366210287,-0.0497396389468682,-0.4107449594080606,-0.3205421184640392,-0.2710069728241454,0.2782244052984623,0.3331259737115631,0.3659392118074177
ta,25000.0,250.0,0.9511690629029192,1.6833995783439295,2.4092758222830963,-18.110626220703125,-9.254180908203123,-5.7714691162109375,5.2808685302734375,6.666961669921875,20.967605590820312,-0.2710093316217162,0.0121178530483424,0.3238600175858299,2.980460001041184,3.184343597240686,3.5493297651016693,-3.464998245239258,-3.063791036605835,-2.7097244262695312,4.57670783996582,4.922239303588867,5.191462516784668,-0.0939041077517799,-0.07643084049792351,-0.0559537796835106,-0.4152020441319569,-0.3632736528564594,-0.2912960312982371,0.1642161327308772,0.1934650492890713,0.2315716225672542
ta,30000.0,300.0,1.3293382726924352,2.1703593456260464,3.005573620300221,-15.688796997070312,-4.1046295166015625,-2.453094482421875,5.362075805664063,6.572540283203125,18.248519897460938,0.1432187366451295,0.4937311139344518,0.7425655608335908,3.5094406156201834,3.7113976930219534,4.169444434420398,-1.201661467552185,-0.9005427956581116,-0.513317346572876,4.381218910217285,4.832185745239258,5.182657718658447,-0.1121982707075351,-0.0903566390469139,-0.0700719330993369,-0.3391034951182406,-0.2942359271817876,-0.2586296883514517,0.0956142130765114,0.128915313675913,0.1716748790773112
ta,40000.0,400.0,1.4778935706160805,2.333778211656214,3.18269512136336,-15.1527099609375,-3.5804901123046875,-1.9398956298828125,5.94659423828125,7.63763427734375,19.71685791015625,0.3622091573198432,0.6925631354687124,0.9614168114077304,3.6616913048514874,3.8542577138199454,4.212635215254274,-0.0928317308425903,0.1454538404941558,0.415069043636322,4.029358863830566,4.404763698577881,4.729505062103272,-0.1108045928841394,-0.08865231542506741,-0.0689987219523432,-0.3373487879203461,-0.295039223704797,-0.247267527724249,0.0498624428207866,0.100603110338054,0.1893761435252424
ta,50000.0,500.0,1.392631911324541,2.178979042777557,2.958537327901394,-17.094802856445312,-3.908599853515625,-2.04022216796875,6.186614990234375,8.209121704101562,19.66786193847656,0.4218281524847898,0.7433524184192335,0.9441525398908313,3.3908707859257903,3.5625036147097453,3.8590809105758823,0.1460157930850982,0.3581923544406891,0.642681360244751,3.641013383865357,3.884387969970703,4.096402168273926,-0.0834616864066971,-0.06383075056666772,-0.0445979409606361,-0.3791489499489666,-0.3342913757547447,-0.2565441582814551,0.0585514411356101,0.1586926553069847,0.2408422348887685
ta,60000.0,600.0,1.338223231383155,2.0941155777626097,2.8438702371207363,-19.493072509765625,-4.1527099609375,-2.131210327148437,6.28424072265625,8.5350341796875,25.24008178710937,0.4365129674262031,0.7322696142420526,0.9234808290049584,3.236059704557694,3.393301793287789,3.6306675275936415,-0.8716708421707153,0.3561796545982361,0.7315431237220764,3.416663646697998,3.605855703353882,3.8002965450286874,-0.0859716425707696,-0.06894060358034709,-0.0520464392656319,-0.4972480290394607,-0.3431825048796313,-0.2592803884195908,0.0759908339435437,0.1701344789710722,0.2673107386556071
ta,70000.0,700.0,1.3366070644906736,2.079762341425373,2.8171969673084694,-19.639968872070312,-4.422271728515625,-2.24249267578125,6.3594970703125,8.726760864257812,23.811248779296875,0.4932451945921615,0.7699073133055904,0.9311649022838456,3.2149722473410254,3.3186724107346515,3.526919367067764,-3.042039394378662,0.1040865182876586,0.6785256266593933,3.3608477115631104,3.53387451171875,5.636721611022949,-0.0978946112264968,-0.081476511216618,-0.0656107617327444,-0.4811265376070039,-0.3816916538664925,-0.2969895816864049,0.0779164814443882,0.1758850651225531,0.2632944109861532
ta,85000.0,850.0,1.32891054324804,2.0898367555130237,2.847177833360436,-28.99789428710937,-4.893798828125,-2.415496826171875,6.657958984375,9.210433959960938,29.603546142578125,0.5100859567487063,0.8474952374535485,0.9882219077283364,3.193139459470327,3.3402447032064724,3.597417791752193,-3.144341468811035,0.0933255553245544,0.6253848075866699,3.566579580307007,3.8402812480926514,5.134986877441406,-0.0802981729028671,-0.06488817103851978,-0.0510398262714751,-0.5583341275531872,-0.4579522380904176,-0.3568857357891134,0.0993743757236595,0.1625721474408547,0.286344267394943
ta,92500.0,925.0,1.3704713754388724,2.158745908834719,2.943958509603095,-30.171798706054688,-5.168295383453369,-2.356414794921875,6.7916259765625,9.714813232421877,31.70722961425781,0.5916944006824512,0.9123390158535218,1.065239430625461,3.2748106557538765,3.413137737120803,3.7383204821137865,-3.1841301918029785,0.1085337251424789,0.5696736574172974,3.776277303695679,4.059638977050781,5.172420024871826,-0.0719446187223454,-0.0604091106173108,-0.0502063102488225,-0.6112676380733089,-0.5011705022375804,-0.4231533956083537,0.0846265766144946,0.1457304208177993,0.2746146398546038
ta,100000.0,1000.0,1.405851117440697,2.2336451400434876,3.056563066237043,-29.87005615234375,-5.49298095703125,-2.282745361328125,6.7505645751953125,10.234298706054688,31.9886474609375,0.6459631346649293,0.9351993836224024,1.1013261810075798,3.381749986658179,3.5119294738511435,3.941251610229462,-3.099592924118042,0.056646566838026,0.4154320359230041,3.9510347843170166,4.374930381774902,5.793984413146973,-0.0867744093890699,-0.07647605686287248,-0.0681782455724011,-0.6695394545728413,-0.4605081712876491,-0.34672185069748,0.0505960375426335,0.121152301848489,0.5492184780818749
tas,,,1.3933540438300902,2.228869393551908,3.0598433095362068,-32.03265380859375,-6.1896820068359375,-2.677490234375,6.863861083984375,10.904736518859863,38.3348388671875,0.547697095578898,0.9447520586527848,1.0808650031551998,3.4022442914517703,3.52533597087953,3.909770270243688,-4.506222248077393,-0.4745458960533142,-0.0078067285940051,4.12225866317749,4.745826244354248,8.23693561553955,-0.0941030270927358,-0.08529789874944012,-0.0778876821959507,-1.583456369777905,-0.5135861105834115,-0.3514803003905227,0.0612669302369149,0.1500152539028267,0.9804672030933436
tos,,,1.5457752233133413,2.37952649988923,3.2140414736217005,-13.329681396484377,0.081939697265625,0.50384521484375,4.093231201171875,5.123860359191895,19.7982177734375,1.2392726126802465,1.4039333802586489,1.443473776489446,3.3221732934033867,3.3645930484210886,3.449524032215228,-0.6905139684677124,0.3278204500675201,0.5923640131950378,3.702176094055176,4.636168479919434,7.862035751342773,-0.031707463158273,-0.030435932268630356,-0.0287469043859355,-1.6090391384786624,-0.2058124349213031,-0.1049119338660648,0.0320139634662908,0.0947666501459224,0.4447667020950958
ua,5000.0,50.0,3.1780395311559704,3.381740179031244,3.508536055240096,-56.79366302490234,-18.984495162963867,-9.332347869873049,15.07155990600586,26.882530212402344,49.74729919433594,-3.9708041555193607,-2.0523697415371003,-0.811797317673243,8.021362531354402,8.888127571530786,10.083856580193446,-5.686723232269287,-2.977781295776367,-1.6784443855285645,7.942906856536865,11.137999534606934,12.919525146484377,-0.2468233067265995,-0.15788550245287766,-0.1146481237063658,-1.0992108523946424,-0.9270758165681284,-0.7037388183126547,0.3881710542190883,0.5022757741728222,0.6439068539852313
ua,10000.0,100.0,2.247615305487781,2.8276626899073816,3.399079469497319,-40.94847106933594,-12.995705604553224,-7.153869152069092,12.21268367767334,16.68581771850586,42.878021240234375,-0.5283577880785391,0.137705491821978,0.7688322606633546,5.063126575651818,5.7287849087051095,6.244216501821208,-4.116734981536865,-2.0825695991516118,-1.4030768871307373,6.815295696258545,8.035236358642578,9.162944793701172,-0.0763450136283711,-0.024850297279202883,0.0457675468848558,-0.9386769162148944,-0.8301169486405721,-0.5875358514185294,0.4673332985611523,0.6026872342989575,0.7647133117886727
ua,15000.0,150.0,1.4214338888348943,1.73586651740588,2.046475640048626,-52.61515808105469,-14.928911209106444,-9.241016387939451,13.002689361572266,18.4273681640625,61.44171905517578,-1.1006552361197548,-0.5033256566397976,0.0254642815486491,3.541044194511843,4.100382665216333,4.5113926046158,-10.780500411987305,-7.701765060424805,-2.5432255268096924,6.135460376739502,7.615839958190918,10.005017280578612,-0.0248196537538334,0.018032635027033887,0.0674147303458429,-1.0979220711706246,-0.7609165161850856,-0.5176488340811184,0.5455043528164074,0.8009383758382207,1.0807379321984147
ua,20000.0,200.0,0.8128459044627739,0.9353861106871267,1.052178695666428,-66.14065551757812,-16.94196319580078,-10.765878677368164,13.043987274169922,19.267013549804688,71.07147979736328,-1.561262548933477,-0.9466763494981668,-0.4283438082874907,2.2303839009902484,2.6591510687411373,3.410208085433751,-10.154293060302734,-7.307940483093262,-2.7953436374664307,5.245876312255859,6.947197914123535,8.73076343536377,0.0292226573922084,0.05952455091335598,0.0866763875993119,-1.0891409683226336,-0.750129983112393,-0.5336978919916819,0.6208848045074287,0.8730920129291239,1.203901758800611
ua,25000.0,250.0,0.4100106957194649,0.43844617500007654,0.4645285654768727,-63.75376510620117,-17.61762237548828,-11.46091079711914,12.508259773254396,18.927600860595703,72.75704193115234,-1.830546709798081,-1.1666943112635495,-0.6635244455556668,1.4964130459846194,1.914764932792533,2.681223002886391,-7.478649139404297,-5.327634811401367,-2.8853771686553955,4.282176017761231,5.943121433258057,7.534315586090088,0.038179596687241,0.06308664429403733,0.0792455145420088,-1.0801886079453855,-0.7816422106833651,-0.5187960696833803,0.5708443413782086,0.8166861479116617,1.256520825484163
ua,30000.0,300.0,0.1562777846565151,0.2311989208037902,0.3006306215722858,-61.72905731201172,-16.920639038085938,-11.111862182617188,11.643064498901367,17.814584732055664,68.57032775878906,-1.8148735834563925,-1.168773809239855,-0.8177500836436679,1.1812427639409036,1.610483523921599,2.1866921212288606,-6.18902587890625,-4.063998699188232,-2.508248805999756,3.5313143730163574,5.043039798736572,6.456292152404785,0.0365932798852066,0.0582115739551892,0.0691874853297557,-1.0694603663269315,-0.7851566533944484,-0.4755600433559824,0.5100123929444739,0.7083446433961944,1.2063350759432705
ua,40000.0,400.0,0.097103541500198,0.15776654991790456,0.2180519934563199,-50.494327545166016,-14.371826171875,-9.384172439575195,9.700024604797363,15.015518188476562,53.01176452636719,-1.545464140460472,-0.9355549248294076,-0.6237362902078429,0.8996752309100818,1.1757465255047006,1.6354285508372652,-3.765915632247925,-2.801650047302246,-1.797742486000061,2.799715280532837,4.007580757141113,4.61064338684082,0.0344544477211932,0.046991024525036104,0.0554144753412839,-0.9808670172445948,-0.7260963205486657,-0.4123276381556152,0.4229039587402229,0.5874514340349719,0.9485375844291528
ua,50000.0,500.0,0.2112193191166654,0.23277932394614448,0.2585953198836145,-41.362266540527344,-12.16860580444336,-7.820711135864258,8.192845344543457,12.742149353027344,43.76344680786133,-1.1212864319546183,-0.5735968209567766,-0.3341457757573599,0.765472642307203,0.9990062661855552,1.4155810887254787,-3.6323070526123047,-2.16900634765625,-1.396488904953003,2.423387289047241,3.3475232124328613,3.821159601211548,0.0241795552552917,0.03195541917319404,0.0393050180479665,-0.8817498617221098,-0.6695717787356663,-0.3734582226070447,0.3472708659459969,0.5059812001158851,0.7733288541823026
ua,60000.0,600.0,0.2552836440419015,0.25999702018633336,0.2707630414968152,-36.07085800170898,-10.50991916656494,-6.736169815063477,7.126705169677734,11.108668327331545,36.016082763671875,-0.7161608546529407,-0.4383680873175013,-0.1992277598151419,0.7115732508842731,0.8974243543386498,1.2135307403351308,-4.318649768829346,-2.1965620517730717,-1.294846534729004,2.241312265396118,2.9910085201263428,3.3878183364868164,0.016255294062148,0.02201513016295375,0.0282893720585361,-0.8025877370608594,-0.6202409633591034,-0.3423850125961347,0.2980325263328186,0.4469235054786066,0.6327727518134084
ua,70000.0,700.0,0.2529973602283967,0.2592367429680936,0.2691529370874374,-32.598968505859375,-9.302495002746582,-5.883391380310059,6.350321292877197,9.937836647033691,33.37775421142578,-0.5610287286148582,-0.3231427102558912,-0.1472707989849773,0.6716388304025435,0.8486228720934718,1.0777951292946255,-3.3625028133392334,-1.8349007368087769,-1.15150249004364,2.2534351348876958,2.8427422046661377,4.6948723793029785,0.0226827627312999,0.02703787993474257,0.0334747995922986,-0.735623839088728,-0.5654718676237868,-0.3125336496508124,0.2814036979913629,0.4085182063786794,0.6209343873496743
ua,85000.0,850.0,0.2216249986170373,0.2291261983210286,0.2379926497894308,-37.11254119873047,-8.135232925415039,-4.988533020019531,5.498019218444824,8.83254337310791,29.80482482910156,-0.4643229857484459,-0.3156011945239654,-0.1505048191802063,0.6182601579692778,0.7869278613791313,0.9537134797932628,-3.277895450592041,-1.637402057647705,-1.1257655620574951,2.198821544647217,2.731882095336914,4.64056396484375,0.0244650654162272,0.02948671236038821,0.0362918052067888,-0.6614548779053073,-0.4993255305941553,-0.2673060788048779,0.2448068872618727,0.368826833504199,0.5049507759481671
ua,92500.0,925.0,0.1819951890571225,0.19926459995148432,0.2184129721451466,-37.75759506225586,-7.852564811706543,-4.745026588439941,5.214380264282227,8.572240829467773,29.67480087280273,-0.4628768317628131,-0.3123888215620014,-0.1487043595673338,0.5637701252286396,0.7230758636273226,0.8722512118000052,-3.770349740982056,-1.5741839408874512,-1.0864930152893066,2.1474411487579346,2.646472215652466,4.64564847946167,0.0084608298629503,0.01388302201518177,0.0210205247978995,-0.6477863583152754,-0.4777714460430725,-0.2614002003239801,0.1909377134141923,0.3233794571469289,0.4709647470880626
ua,100000.0,1000.0,0.1349440268476496,0.15109593525441448,0.1679190768218306,-27.743480682373047,-6.260577201843262,-3.7022082805633545,4.009055614471436,6.515396595001221,22.259716033935547,-0.3212894707807913,-0.2154701100824947,-0.1043505023246045,0.4168683384777057,0.5395187780970316,0.7117565909603712,-3.724656820297241,-1.2945764064788818,-0.8736650347709656,1.560822606086731,1.910173177719116,4.724313259124756,0.012146338576422,0.01597043057341959,0.0192220003724182,-0.4765183507379887,-0.3363050683269534,-0.1926028360330651,0.1644191366169059,0.2733085444485664,0.38112913140143
uas,,,0.1195944390568082,0.1332700804555423,0.1475035710924196,-27.036296844482425,-5.3490190505981445,-3.205089569091797,3.5915021896362305,5.857165813446045,20.609939575195312,-0.2927549578281968,-0.1983027080446781,-0.0997202923681325,0.3659119639109721,0.4815286235425093,0.6445397925823189,-3.89385986328125,-1.118538737297058,-0.7425767779350281,1.4621224403381348,1.889089822769165,4.905276298522949,0.0106775223918659,0.01421753235028315,0.017509932965935,-0.413775117884875,-0.3103806388503716,-0.1720755153887389,0.1464230119172053,0.2383439730974872,0.3330458548891517
va,5000.0,50.0,0.0314549321159399,0.0365222522713223,0.041742225689872,-42.97910690307617,-12.52981185913086,-5.999124526977539,6.120185852050781,12.643658638000488,44.19847106933594,-0.0825236101310687,-0.0369826230335415,-0.0143417911914163,0.0975613685156544,0.1208669759465805,0.2004343033916387,-5.1360931396484375,-2.5186784267425537,-1.1842901706695557,1.2755824327468872,2.1528759002685547,4.198505401611328,-0.0009489783321207,0.0007182140939805716,0.0030027106401351,-0.4962216274632186,-0.3755007296807175,-0.2739452489260656,0.3033502996228068,0.438129374470407,0.4747816730073084
va,10000.0,100.0,-0.0404949572597676,-0.0192901679305423,0.0020722984185952,-36.288700103759766,-10.26719856262207,-6.213498115539551,6.1950459480285645,10.242530822753906,35.338260650634766,-0.2241601103863261,-0.182559685595803,-0.1467393135254066,0.0947750319989163,0.1552954581523486,0.2740632231555034,-4.837785243988037,-2.1168053150177,-1.2357330322265625,1.1430683135986328,1.7644243240356443,2.687439203262329,0.002665414087857,0.004745612838639571,0.0064357033906207,-0.5284150562760249,-0.3477370060831896,-0.2126950856992387,0.2294269507905067,0.3301441024574337,0.4676358442684341
va,15000.0,150.0,-0.0926540403900477,-0.05814358750022965,-0.0208891459207013,-48.0892219543457,-11.785658836364746,-7.73224401473999,7.652572154998779,11.71705436706543,50.53045654296875,-0.5074043112206477,-0.453410333282164,-0.3474092081792043,0.1418314508355821,0.2270590106584245,0.4333681665092746,-5.1753249168396,-3.06679630279541,-1.8445395231246948,1.7065672874450684,2.5562186241149902,3.531780481338501,-0.0025193406948291,0.0008995260528101599,0.0041811489855801,-0.7176412869232297,-0.42202733513385,-0.2922853157815015,0.27320121641489,0.4048951251561635,0.5764450453883752
va,20000.0,200.0,-0.1154048576339593,-0.08794392628984575,-0.0572384050527832,-57.65485763549805,-13.687191009521484,-8.925505638122559,8.755090713500977,13.544825553894045,65.29966735839844,-0.5323105083375674,-0.4129398410792038,-0.2991133950884887,0.1012880924464337,0.1871928455170079,0.3491623256478354,-5.293265342712402,-2.9867634773254395,-1.8409538269042969,1.5781539678573608,2.369849681854248,3.6431596279144287,-0.0020662608863602,0.00047203770274999006,0.0027667581500961,-0.8691956299523312,-0.4794955326107861,-0.3080220407290983,0.2974444985351446,0.478735232075595,0.7204662281219414
va,25000.0,250.0,-0.0294747122375441,-0.022030924557413782,-0.0121272300010873,-66.32257080078125,-14.42702865600586,-9.265533447265623,9.180049896240234,14.407429695129396,69.61012268066406,-0.3792819164227313,-0.2763587589713878,-0.2036994459600761,0.1558372292520142,0.2282992329652554,0.3206864718574737,-5.404208660125732,-2.1474955081939697,-1.488142728805542,1.3091174364089966,1.983391046524048,3.2295165061950684,0.0034413518445062,0.00536087492179544,0.0070723013679188,-0.8771913150657272,-0.5126733381490606,-0.3134569105768962,0.3132033983109014,0.4627162036061237,0.667578166141264
va,30000.0,300.0,0.0278402613813429,0.03719143543821013,0.0449707012322072,-68.01216125488281,-14.074251174926758,-8.907698631286621,8.883879661560059,14.112747192382812,63.65445709228516,-0.2797025217102556,-0.19287373475371,-0.1162459528043781,0.2335227299783094,0.3059196241149862,0.3734257270955899,-4.914003372192383,-1.6905866861343384,-1.1744160652160645,1.2006255388259888,1.9647587537765503,2.652397394180298,0.001480573117212,0.00350912723856852,0.004953672354926,-0.8464464751858848,-0.4975824198750908,-0.3027318558682513,0.3022659269624815,0.4630859308532103,0.6851224309430668
va,40000.0,400.0,-0.0269391836764936,-0.01597406739904324,-0.0051701174739216,-58.17321395874024,-12.022456169128418,-7.46455192565918,7.507562160491943,12.138269424438477,52.15094757080078,-0.2514891964198888,-0.1477718973379006,-0.1075040784243545,0.0725291989498235,0.1224594330829605,0.2122252804546391,-2.176565408706665,-1.2579792737960815,-0.8056926727294922,0.7950326800346375,1.2007964849472046,1.7659322023391724,-0.0063757174493158,-0.00409846041758056,-0.00191173451817,-0.7058056509554622,-0.4174659330815858,-0.2575469192316945,0.2549732358547616,0.3999015130334658,0.5958644804031348
va,50000.0,500.0,-0.0004935527254017,0.003173213865302065,0.0074746197294047,-45.14356994628906,-10.149322509765623,-6.253740787506104,6.284975051879883,10.25704574584961,39.78485870361328,-0.1286684353065944,-0.083245664467184,-0.0550245831358745,0.0624127284762049,0.089808105256193,0.135978951588044,-2.152320146560669,-1.0695502758026123,-0.659485936164856,0.6585168242454529,1.0318968296051023,3.13219690322876,-0.0005439984818029,-1.7564016825899936e-06,0.0004212763501186,-0.6021063422007745,-0.3539343374791934,-0.2149440468931721,0.2209010578688781,0.3375149669062044,0.4956213825395583
va,60000.0,600.0,0.009858899768189,0.015108499778527329,0.0196509253765177,-37.13805389404297,-8.715960502624512,-5.339956760406494,5.409684181213379,8.854253768920898,34.92698669433594,-0.1601653785115355,-0.0622952422336496,-0.0410297124026867,0.0825410682677575,0.1101056653880917,0.1464433124521457,-3.102911233901977,-0.9867600202560424,-0.5933312773704529,0.6454821228981018,1.058586835861206,6.170784950256348,-0.0011457974998405,-0.00030242748290799,0.0008829389503748,-0.5322061482045197,-0.311429300525173,-0.1982434656585124,0.1981580862849991,0.3090428659041172,0.5313297979531472
va,70000.0,700.0,0.0076494619445332,0.009394430805128392,0.0103881791672122,-32.921974182128906,-7.634050846099853,-4.607303619384766,4.724220275878906,7.738998889923096,31.02493667602539,-0.0809261580414962,-0.0589504194681216,-0.0424266981303779,0.0609189686874996,0.0849568275053885,0.1238535411839045,-2.5014641284942627,-0.9527528285980223,-0.5675513744354248,0.6494678854942322,1.0213786363601685,6.3376874923706055,-0.0027795926571345,-0.00213251112963149,-0.0012812015674388,-0.5150123916926853,-0.2816585783181941,-0.1664811880977899,0.1675764830115746,0.2768847211253951,0.515555843131844
va,85000.0,850.0,-0.0130560638925603,-0.010334369123487841,-0.0080244866879882,-33.28067398071289,-6.539085865020752,-3.85213041305542,3.98342227935791,6.649386882781982,34.243385314941406,-0.1645349448323556,-0.1251567423787918,-0.0884625423027678,0.0699378027156392,0.0986534926407711,0.1602107009065342,-2.841814517974853,-0.9917181134223938,-0.6104040741920471,0.6636641621589661,1.1354182958602903,6.0425896644592285,-0.002879339540984,-0.00118645300446949,0.0001260710283171,-0.4999875055942288,-0.2483338336356824,-0.1387780771809524,0.1406581620294597,0.2423790288227673,0.4799462519001858
va,92500.0,925.0,-0.0231997733877336,-0.019892617821026897,-0.017048241431917,-33.26161193847656,-6.410671710968018,-3.75815486907959,3.869519233703613,6.469327449798584,34.029544830322266,-0.205026273145361,-0.1474404736975713,-0.1114238774200395,0.0805544730619517,0.1153148949886204,0.1869251624456918,-2.6856353282928467,-1.1727187633514404,-0.7662466168403625,0.7322598695755005,1.2398329973220823,6.000640392303467,-0.0063301947328129,-0.00485792315891939,-0.002926046030431,-0.4989818838133184,-0.2533285520764576,-0.1549352286229366,0.1414336456239066,0.2262512725932351,0.421269349847351
va,100000.0,1000.0,-0.0307815787308342,-0.028518254446958304,-0.0254591427654263,-27.022655487060547,-5.177548408508301,-3.0570311546325684,3.1191511154174805,5.353995323181152,25.56753921508789,-0.2034108014779826,-0.152582684949516,-0.1206602371804935,0.0638865532302429,0.0991337714086066,0.1420256970019212,-2.5715749263763428,-1.1737998723983765,-0.7405685186386108,0.6862587928771973,1.1934053897857666,6.12520170211792,-0.0074689695926505,-0.00584908748764262,-0.003863050481447,-0.4328528531362086,-0.2506705613565663,-0.1574510485012006,0.1137944909561462,0.1826858312247368,0.3945344234575226
vas,,,-0.0247015964920532,-0.02300413114085559,-0.0196278199790531,-21.135517120361328,-4.43712043762207,-2.6740009784698486,2.7370445728302,4.696032524108887,20.226104736328125,-0.1960344871214356,-0.1337242199871298,-0.1102252087951758,0.0609596193258449,0.0974060285634742,0.1383439837232292,-2.8545167446136475,-1.055264592170715,-0.6505995988845825,0.6057064533233643,1.1574053764343262,6.317708492279053,-0.0064026547665771,-0.004761727904126979,-0.0029791259767055,-0.3616292727405684,-0.217813398168094,-0.1356532453015332,0.1029744580622023,0.1472884595310744,0.3388140291978964
wap,5000.0,50.0,-5.678397328735345e-05,-2.5211240640135287e-05,8.379206341531703e-06,-0.2029272317886352,-0.0080405231565237,-0.0035408516414463,0.0034787789918482,0.0083044525235891,0.3186472654342651,-0.0001562044583983,-0.0001319500101764,-0.0001079614536118,5.899728531051989e-05,7.583860806004913e-05,0.0001383991450787,-0.0063545946031808,-0.0018877601251006,-0.0008588946657255,0.0010131124872714,0.001673447783105,0.0068138455972075,-4.906067476381851e-06,-2.9953110159847e-06,-2.062954460314304e-06,-0.0016008835764858,-0.0002563469595705,-0.000156595462812,0.0001602127553728,0.0003238715812127,0.0017887460064285
wap,10000.0,100.0,-0.0002376553379699,-0.00018854531400025001,-0.0001396568039867,-0.6705250144004822,-0.0146484673023223,-0.0076348539441823,0.0072726015932857,0.0147498305886983,0.4811501204967499,-0.0004249236891103,-0.0003822303472856,-0.0003444749652581,-5.247972329392676e-05,-1.983991192219288e-05,6.588323778054133e-05,-0.0317549780011177,-0.0037277941592037,-0.0020561015699058,0.0016049940604716,0.0030027562752366,0.0446849912405014,-1.235053202075979e-05,-1.0698861123251636e-05,-9.328753443265697e-06,-0.0037995778135845,-0.000501732136681,-0.0003005664911041,0.0002999184770967,0.0005393952563745,0.0125810487908981
wap,15000.0,150.0,-0.0006042619455204,-0.00043460238389353,-0.0002613667800916,-1.3280134201049805,-0.0322595313191413,-0.017063669860363,0.0153751466423273,0.0284247994422912,1.0230512619018557,-0.0009762654997024,-0.000909862821807,-0.0008395849980774,-7.364066333399695e-05,-4.92382682286167e-06,7.232991958724516e-05,-0.0737237706780433,-0.0110504394397139,-0.0049672713503241,0.0036881230771541,0.0069678206928074,0.1294291615486145,-3.0033195615496656e-05,-2.411433093527069e-05,-1.867814298774606e-05,-0.0207350479550113,-0.0016701031806689,-0.0007091181592072,0.000655633659311,0.0013432191828825,0.0154714048093122
wap,20000.0,200.0,-0.0003999231670989,-0.0002956490319342,-0.0001861401961618,-1.6801528930664062,-0.059253305196762,-0.0301294941455125,0.0279432851821184,0.0514155440032482,0.9274011254310608,-0.0008076423129988,-0.00067250251795,-0.000609937031725,-4.1785640297553104e-05,2.294462634175392e-05,0.0002918558648515,-0.1337034255266189,-0.0235844608396291,-0.0106008108705282,0.0091480566188693,0.0169539898633956,0.1078210771083831,-2.042401049855674e-05,-1.636797888118713e-05,-9.279560034482698e-06,-0.0165380092323202,-0.0029976042784643,-0.0013094650615854,0.0012367492415035,0.0022779087258839,0.0125563236640916
wap,25000.0,250.0,-0.0002687007546278,-0.00019750281464836998,-0.0001186591066262,-1.9985302686691284,-0.0778311118483543,-0.0417924933135509,0.0397195257246494,0.071219302713871,1.5545090436935425,-0.0009626405276258,-0.0007855187585473,-0.0006702285683704,7.961291350106476e-05,0.0001996876259191,0.0005880237393048,-0.1948439627885818,-0.0292975232005119,-0.0150271225720644,0.012843919917941,0.0242005921900272,0.1431769430637359,-2.059432193663858e-05,-1.3946592021505368e-05,-5.843789689552765e-06,-0.0170868480762207,-0.0034765959798542,-0.0018376031776548,0.0017003932417903,0.0034383438054848,0.0154680262952701
wap,30000.0,300.0,-0.0002692950756163,-0.00016867448253797882,-6.737873974426606e-05,-2.394228219985962,-0.0890370309352874,-0.0500243455171585,0.0483679771423339,0.0855099037289619,2.1758265495300293,-0.0009226341065341,-0.0007294900912908,-0.0006199862166133,0.0001255410215795,0.0002080877423143,0.0003753928422776,-0.2319363057613372,-0.0303583517670631,-0.0168996751308441,0.0141626382246613,0.0286886263638734,0.202823981642723,-2.5959280323326607e-05,-1.792915232859862e-05,-1.2452065614593876e-05,-0.0274731595879122,-0.0038713337915438,-0.002171693203127,0.0020727273063373,0.0043418017481829,0.0199307054450074
wap,40000.0,400.0,0.0001553340421062,0.00022341351176872,0.000294213599822,-2.363789796829224,-0.1039247065782547,-0.0586047768592834,0.0595813356339931,0.1057002767920494,2.8859903812408447,-0.000582353558535,-0.0004493229234414,-0.0003385822892806,0.0006159238343784,0.000739369850344,0.0012113641450573,-0.292032927274704,-0.027564737945795,-0.0148630738258361,0.015675164759159,0.0322923958301544,0.27108234167099,-2.061882534043922e-05,-1.2537960842665867e-05,-6.082756312756338e-06,-0.0532023356750827,-0.0044530822611478,-0.0025136088391664,0.0024458694917875,0.0050687159463475,0.0361365463921589
wap,50000.0,500.0,-0.00037220180816,-0.00031712685691059,-0.0002612739256995,-3.225879192352295,-0.1179185286164283,-0.0639495849609375,0.0645692944526672,0.1188900247216224,4.98023796081543,-0.0012437651506232,-0.0011041674662519,-0.0009321276279829,7.517275274680118e-05,0.0002021296177185,0.0007136283519125,-0.5211783647537231,-0.0340905450284481,-0.0157894305884838,0.0157325528562068,0.0355984009802341,0.4340916872024536,-1.686284072375687e-05,-1.2865344241317568e-05,-7.047691509510658e-06,-0.0489726580569683,-0.0047596642080969,-0.0026842226592144,0.002709340280904,0.0056849232761222,0.0384382732956776
wap,60000.0,600.0,0.0001300847576208,0.00014183673985449,0.0001520924649037,-3.412339448928833,-0.1358914822340011,-0.0668738260865211,0.0684948563575744,0.1371763050556183,6.300622940063477,-0.0005336612357817,-0.0003820283196522,-0.0002646936065285,0.0004836649962537,0.0005878639504922,0.0009057176627945,-0.5811228156089783,-0.0535037964582443,-0.0184337850660085,0.0190980434417724,0.0512107424437999,0.5312048196792603,-7.476887580433122e-06,-5.880030577996809e-08,1.2880332922236532e-05,-0.0527547284481967,-0.0053245455783694,-0.0028309687086672,0.0029339243462887,0.0062862704180074,0.0394926464853014
wap,70000.0,700.0,0.0004545481889983,0.000553158604399,0.0006493082778045,-4.321927070617676,-0.1706652641296386,-0.0728232562541961,0.0747590363025665,0.1696565300226211,4.925708770751953,-0.0002757113305816,2.5628728160430877e-05,0.0001680802648173,0.0009453092932651,0.0010911243273558,0.0012777702615483,-0.8221515417098999,-0.0863723382353782,-0.0260502956807613,0.0262832436710596,0.0824867784976959,0.697388768196106,5.539064121644643e-06,1.0575054976774726e-05,2.2103180782909616e-05,-0.0505618152634102,-0.0065995778178982,-0.0030070187023206,0.0031944470488415,0.0070726588189164,0.049673644567244
wap,85000.0,850.0,-2.9834934396005803e-05,-1.9055883071956115e-05,-5.142817346477981e-06,-5.1640448570251465,-0.2079807519912719,-0.0766865536570549,0.0791065990924835,0.205469936132431,5.205102920532227,-0.0009682084922228,-0.0006696810813387,-0.0004721285896961,0.0003952580411215,0.0005989963524985,0.0009283819241108,-0.9116376042366028,-0.1176880896091461,-0.0344153419137001,0.0359120704233646,0.1145738959312439,1.3100923299789429,1.684777347601753e-05,2.8092019520956027e-05,3.968510475193897e-05,-0.0602879478665547,-0.0076277350566431,-0.0032137465966993,0.0036709815898372,0.0084466691978899,0.0464735070793834
wap,92500.0,925.0,-4.977427498302596e-05,5.054272740703873e-06,6.015578361660901e-05,-4.198057651519775,-0.1985323429107666,-0.0688883811235427,0.0684928596019744,0.1920493245124817,3.5192084312438965,-0.0014110857405007,-0.0010154507562233,-0.0007433937030889,0.0006991229406672,0.0009748817451084,0.0013154088231681,-1.0378904342651367,-0.1142502725124359,-0.0351346768438816,0.0329740457236766,0.1079050302505493,0.9394004344940186,6.439907922617445e-05,7.833142343485877e-05,9.116053500345498e-05,-0.0406985060508162,-0.0067164603377867,-0.0026988207561071,0.0031695046760496,0.0075083583652239,0.0467158801882508
wap,100000.0,1000.0,-0.0007155158735653,-0.0004927166061091601,-0.000264939147243,-3.781660795211792,-0.1569050699472427,-0.0472938120365142,0.0453052595257759,0.151053100824356,3.182567596435547,-0.0021939137327969,-0.001894718628384,-0.0015936846010714,0.0004876541618994,0.0007581004969766,0.0010993598332854,-0.891349732875824,-0.0965714082121849,-0.0269974377006292,0.0243015438318252,0.0903593003749847,0.827719509601593,7.343780945185256e-05,8.788710211352977e-05,9.562050917909274e-05,-0.0401495882538925,-0.0047729286651644,-0.0014067541121944,0.0020118680314577,0.0065301250492176,0.0400082006423737
zg,5000.0,50.0,681.4970737628155,1060.1730978397286,1441.2822337123682,-13229.65625,-6053.67822265625,-3973.063232421875,3080.03125,6567.96875,15912.484375,-64.65131915304293,111.59324006692584,335.5634771717702,1786.204063291878,1909.214051265124,2032.3284116298423,-2256.674072265625,-2192.690673828125,-2013.08837890625,2276.953857421875,2335.000244140625,2385.114990234375,-12.526732126210796,-4.269388262466782,1.3913106050735338,-193.74447386889247,-177.50302768541283,-157.450988686203,275.5951383668261,295.77626025826083,302.5094896192103
zg,10000.0,100.0,651.8603181772384,1084.4375581937104,1513.8281599839142,-8548.953125,-3700.41259765625,-2317.594482421875,2716.46875,4102.88134765625,9868.0,-10.096175836066402,164.4417512281291,354.72594408088844,1782.4016164550446,1862.0620424288284,1991.646443213004,-1239.904541015625,-1175.7030029296875,-1069.8359375,2389.130615234375,2427.796142578125,2467.34521484375,-54.53013004519792,-46.2635200710375,-37.30991804170766,-158.74362495635245,-148.32028623492909,-132.75104871104102,159.8889690873532,178.2504523919546,189.588653740838
zg,15000.0,150.0,622.2405903061091,1024.301307746978,1422.4229863378932,-6261.671875,-2665.0,-1629.75,2503.6640625,3422.0078125,7856.859375,92.35751632850328,223.74093527147213,370.673239756796,1638.355601085988,1705.5516348429362,1888.272278170364,-756.6524658203125,-696.1121215820312,-603.1287231445312,2060.001708984375,2152.81884765625,2220.052490234375,-54.908855676324166,-46.52705099131522,-37.86450025287009,-141.37410091122433,-129.5921467859339,-117.93797659200736,86.30279776386433,117.33226935360015,135.12811168572415
zg,20000.0,200.0,596.8734726307861,962.4703189199761,1325.068678004582,-5805.2421875,-2165.2265625,-1297.796875,2472.453125,3392.8515625,7723.1640625,159.16502280073607,278.8778240559178,380.365630232644,1510.8281658324163,1568.73655319482,1733.879782802492,-435.4484252929688,-382.45709228515625,-283.6004638671875,1736.124267578125,1826.7939453125,1930.2919921875,-49.58388691832048,-41.24919406587338,-33.801521965096626,-145.1858809747574,-135.9399110362873,-120.01646808414009,60.911969707473865,103.09018941035798,128.00332805098944
zg,25000.0,250.0,551.2641767210913,875.9148077734087,1198.1805104769714,-5957.4375,-1975.265625,-1143.78125,2448.7578125,3383.8203125,7623.6484375,158.77710336399034,282.13396404393706,372.350868034189,1358.7563835872693,1422.8892289623695,1548.342288895404,-220.00027465820312,-170.88751220703125,-77.79353332519531,1471.5340576171875,1539.2852783203125,1615.3612060546875,-44.29289685105712,-36.71042364528175,-30.49441948655099,-153.37823485023785,-134.39636098876525,-117.10568968366375,54.110117666531,105.54660146658154,134.67932196192982
zg,30000.0,300.0,490.79770605158313,774.0734404927197,1055.2707218698126,-5907.921875,-1890.253173828125,-1070.3671875,2332.4609375,3243.015625,7232.296875,150.30752898402986,256.6153181937352,339.0664405608042,1194.9465227931846,1249.0181959874308,1347.2412683235289,-145.0159454345703,-91.6342315673828,-2.8145956993103027,1273.45263671875,1373.97509765625,1488.6429443359375,-38.8498765501904,-32.321177876176634,-26.920464007726377,-148.40860601813785,-126.28011796059216,-109.81729659803096,52.31927754723065,107.2202291078875,136.7592310657095
zg,40000.0,400.0,370.31446231268177,581.1032861606005,790.3638565351489,-5401.125,-1703.8922119140625,-963.90625,1961.5703125,2782.5546875,6189.7890625,122.6593136503662,204.4545501262696,259.0727296386583,893.8793002610255,929.9669374967632,992.2760356405204,-138.38027954101562,-93.14755249023438,-16.728797912597656,975.2926635742188,1102.787353515625,1217.6773681640625,-29.21315910599129,-24.56287904283434,-20.68760946841368,-126.55071029634772,-104.5850870064679,-90.71299504880888,51.592490036753496,102.65392414417104,129.95328260412018
zg,50000.0,500.0,276.7656511033677,434.50853021620344,591.1596266376916,-4851.27734375,-1524.453125,-870.140625,1610.73828125,2339.48828125,5246.02734375,96.3282730373739,157.87706776690823,195.37362672016187,667.7253979059732,693.013917415581,730.1917073989974,-155.34274291992188,-118.0259246826172,-54.1644287109375,764.5357666015625,873.256591796875,976.3577880859376,-22.89968947086417,-19.59958936845917,-16.980902990710465,-106.84755034463006,-89.20081806459038,-74.88128458694274,51.2026377741355,97.06235441626228,122.27093569685864
zg,60000.0,600.0,203.5956174625582,320.32133868781415,436.2919151881677,-4399.80078125,-1385.859375,-800.64453125,1321.44140625,1972.7476806640625,4650.39453125,72.50553393598626,114.7652749953294,142.7613108925388,493.028818956332,511.9450224235857,548.1189715509497,-182.38482666015625,-149.84332275390625,-99.04219818115234,595.7916259765625,690.1341552734375,776.8314819335938,-18.59430237968136,-16.252131076847625,-14.40365306420506,-91.64881265312768,-74.88642398035789,-60.7762050403094,47.163054164993305,90.01293148960418,114.029831347743
zg,70000.0,700.0,141.81229169123216,223.71758409367354,305.14672324991966,-4194.4296875,-1285.11328125,-751.517578125,1089.927734375,1680.8582763671875,4135.388671875,50.14998884571914,76.96075197542405,97.43398951748496,347.8389102393472,363.2957067883266,395.0622999856101,-209.23687744140625,-175.765625,-136.25599670410156,454.9518737792969,539.8592529296875,609.2680053710938,-14.403818157418266,-12.809867471193376,-11.46395382032368,-79.92219966063267,-63.77242002765712,-49.84664886417876,44.34637576605328,83.22859422441306,106.23891940494836
zg,85000.0,850.0,64.09260926336847,102.51757961124592,140.78977583526031,-4109.3251953125,-1228.75,-730.9013671875,826.4208984375,1361.0784912109375,3726.9619140625,17.01399072507677,24.53596553777977,37.773655531637374,169.14468883807388,178.16673167590142,200.7368486122185,-333.3602600097656,-276.5234375,-216.48194885253903,277.65045166015625,355.1737670898437,419.4260559082031,-9.048853192109885,-8.37644788813775,-7.730101437246311,-67.15070724951407,-52.74802120634985,-36.55362775158839,43.76978730996831,76.69812016545636,98.41700959149966
zg,92500.0,925.0,28.562723101947373,46.90460376443995,65.18591758214913,-4185.61962890625,-1262.6927490234375,-775.494140625,728.009765625,1247.7918701171875,3608.251220703125,-7.941754713737017,-2.0720396517267403,6.021809482078675,89.48368110143072,98.0731010296835,112.00179573164688,-442.6317443847656,-345.1272277832031,-272.3072204589844,200.6905670166016,277.9502258300781,403.6061706542969,-7.424873402923641,-7.064365970575504,-6.6722581646109775,-63.80481112146754,-49.01794640973313,-31.30517377012292,44.24027197703192,76.21368018408585,98.40870478573238
zg,100000.0,1000.0,-5.942056497847623,-5.087795691400875,-4.162796338347295,-4275.919921875,-1318.6502685546875,-835.51953125,658.424560546875,1169.281494140625,3499.2646484375,-43.05689673955593,-35.26290345869352,-27.716176372643645,15.608086983109851,24.14612115816124,33.645121009084875,-538.414306640625,-404.0668640136719,-331.2264404296875,133.6078338623047,212.1260986328125,389.3122863769531,-6.149197703230242,-5.755267159897868,-5.53693959429396,-63.04110917573873,-47.626760352618376,-30.21860780814068,45.42944867370764,76.65809677314886,100.07882197430534
